{"US": 293.11978396866414, "CN": 111.64925990316152, "IN": 65.06694576371623, "SA": 34.310417897511094, "JP": 28.15621219476399, "BR": 27.103481764562797, "CA": 22.180948298589083, "RU": 22.07310430862625, "FR": 21.80816811697906, "DE": 21.06357122011703, "MX": 20.811829029474133, "GB": 16.706920579198208, "AE": 16.68133725977909, "IT": 15.371923256251756, "ES": 14.287880571527474, "AU": 14.25310062772345, "TR": 13.93701022673148, "IR": 10.813111130567266, "KR": 10.505291221481457, "QA": 9.75444434003582, "NG": 9.3302213433327, "ID": 8.584068524435223, "PK": 8.476800652211635, "KW": 8.31031824178126, "IQ": 7.897077600283545, "EG": 7.284154269492737, "ZA": 7.1534211359140265, "IL": 7.079371709327503, "MY": 6.385173750118482, "VE": 6.096701242224591, "CO": 5.907328333263879, "AR": 5.867998468781086, "TH": 5.463788416055119, "PL": 5.242592835702178, "NL": 4.717559896805667, "SE": 4.3892616400946585, "DZ": 4.184166818806478, "AO": 4.025007790888847, "PH": 3.715370790899261, "KZ": 3.33284327196126, "BE": 3.212763497867184, "NO": 3.1987369298445456, "CH": 3.1024351651196724, "AT": 2.962854955103843, "PE": 2.869840751503049, "OM": 2.5559677154711733, "VN": 2.418808473013076, "GR": 2.3442222173105938, "SD": 2.2616060654009886, "CZ": 2.244655733860528, "LY": 2.147067947544717, "FI": 2.143044397651551, "BD": 2.081635171808535, "UA": 1.911457329020222, "DK": 1.650393144308245, "PT": 1.6502495361839964, "SY": 1.647815350925799, "CL": 1.62738851650484, "RO": 1.5339253193875844, "HU": 1.2239734802978488, "MA": 1.2135924549393031, "DO": 1.1309524359670982, "YE": 1.0945950672101024, "UZ": 1.089134282160821, "EC": 1.059669093253404, "IE": 1.0337228330736907, "TN": 1.032148596454438, "ET": 1.0319919003120193, "AZ": 1.021508222481608, "BY": 1.006604353218831, "TZ": 1.0052112940237774, "SK": 0.9833188008727668, "LK": 0.9646482001127094, "GT": 0.8793796354551667, "TM": 0.877418051283933, "NZ": 0.8749329661162324, "AF": 0.8628204488562176, "PA": 0.8510458683798775, "UG": 0.8451702718046924, "BW": 0.7730973294061662, "KE": 0.7440257390742965, "MM": 0.7435165614065851, "CR": 0.7300315238935877, "GH": 0.7157320469615848, "BG": 0.7148188311313477, "HR": 0.6602836194426249, "LU": 0.6152839890392251, "JO": 0.6131816056367797, "BO": 0.5981076302433793, "RS": 0.5775194853843415, "GQ": 0.5525349493095816, "BF": 0.5289574725427879, "LB": 0.5202830164513002, "SI": 0.5192495216325573, "CM": 0.516977510808704, "ZM": 0.4299694671764163, "PY": 0.4241157435760885, "NE": 0.4193079003812273, "LT": 0.4111784588502609, "NP": 0.3907258162026007, "CG": 0.3861137356656648, "BN": 0.3690369748984653, "GA": 0.3435867218825663, "CI": 0.3344148712747516, "CU": 0.3333913112515406, "ML": 0.3308679067974768, "KH": 0.3239518438760889, "HN": 0.3226927827057578, "NA": 0.3007341769459979, "SV": 0.2995798863279306, "CD": 0.2862574250613798, "TD": 0.2844715506139002, "SN": 0.276680509277703, "MZ": 0.2732665909388447, "CY": 0.2701027526683591, "UY": 0.2605837474001952, "MW": 0.2569454776671559, "LV": 0.2321278776629618, "TT": 0.2184762940658417, "EE": 0.2180224788153848, "AL": 0.211954696107016, "LA": 0.2112377055345481, "RW": 0.2017864771037759, "MK": 0.1958766049092216, "MR": 0.1924270207937097, "BA": 0.1806951177088881, "BJ": 0.1796803821315348, "PG": 0.1604477462552979, "MG": 0.1596457271215081, "GN": 0.1381074296606255, "BS": 0.1365034426383615, "TJ": 0.1304007597436818, "GE": 0.1291033903360514, "MU": 0.1252270695110177, "NI": 0.1166874559873296, "MN": 0.1102392481142557, "AM": 0.099205921364683, "JM": 0.0951057382014086, "KG": 0.0835650454154874, "IS": 0.0817888144191197, "BT": 0.078150977239434, "TG": 0.0643452089016802, "SL": 0.0639819446821638, "NC": 0.0615102362482463, "HT": 0.0577145128336488, "ME": 0.057486955617389, "SR": 0.0495517441877799, "BI": 0.0485907822323443, "SZ": 0.040963802511138, "MD": 0.0377630334848525, "ER": 0.0376220051106781, "GM": 0.0372597738905726, "CF": 0.0371671243683358, "LR": 0.0323533793410292, "DJ": 0.0280760437211719, "ZW": 0.0275298162362516, "BZ": 0.0263060641043185, "GY": 0.022102334408211, "LS": 0.0194946280070406, "FJ": 0.0162750857209142, "GW": 0.0137518710432319, "SB": 0.0128748479342236, "CV": 0.0106825748069736, "VC": 0.0062382056050738, "VU": 0.0061563364368125, "ST": 0.0047752572961972, "KM": 0.0043939212338757, "WS": 0.003123394059065, "SO": 0.0020769127555325}