{"AW": NaN, "AF": NaN, "AO": 2309.52162029791, "AL": 8367.77573143421, "AD": 46544.7207199483, "AE": 52976.8083782405, "AR": 13730.5147090247, "AM": 8715.76533622178, "AS": NaN, "AG": 21560.2153299665, "AU": 64711.7656030565, "AT": 56505.9682796867, "AZ": 7155.08360355897, "BI": 199.580760181492, "BE": 53475.2934952935, "BJ": 1434.66283439144, "BF": 874.121280381345, "BD": 2529.08012688018, "BG": 15797.5955773596, "BH": 29084.3071297448, "BS": 34749.6382896736, "BA": 8426.09111019155, "BY": 7829.05313660622, "BZ": 7987.58595509037, "BM": NaN, "BO": 3700.97833772869, "BR": 10043.6239221567, "BB": 22672.6154350731, "BN": 33430.9184783787, "BT": NaN, "BW": 7249.79932596262, "CF": 445.028195988605, "CA": 53371.6974319701, "CH": 99994.9380204786, "CL": 17093.2419713921, "CN": 12614.0609948923, "CI": 2728.80324620071, "CM": 1673.64888857222, "CD": 649.143987939358, "CG": 2508.82339515164, "CO": 6979.72513470377, "KM": 1587.16189555687, "CV": 4321.57986427786, "CR": 16595.3703837185, "CU": NaN, "CW": NaN, "KY": NaN, "CY": 34701.44140625, "CZ": 30427.4234688601, "DE": 52745.7557064131, "DJ": 3606.4168960124, "DM": 8953.89639365543, "DK": 67967.3818685562, "DO": 10716.0133558903, "DZ": 5260.20624980797, "EC": 6533.35150400616, "EG": 3512.58006529798, "ER": NaN, "ES": 32676.9837109377, "EE": 29823.7496069016, "ET": 1293.7780075976, "FI": 53755.9117362796, "FJ": 5868.1591677839, "FR": 44460.8178457009, "FO": NaN, "FM": 3992.22384225509, "GA": 8420.10205701827, "GB": 48866.6039600298, "GE": 8120.36344318242, "GH": 2238.15802077213, "GI": NaN, "GN": 1663.93780748118, "GM": 843.765742570282, "GW": 914.275153804104, "GQ": 7066.61659257734, "GR": 22990.0135680461, "GD": 10463.64593954, "GL": NaN, "GT": 5797.52159594526, "GU": NaN, "GY": 20626.1991490567, "HK": 50696.5903184046, "HN": 3247.23105462683, "HR": 21459.7847808036, "HT": 1693.06874328693, "HU": 22147.2097290479, "ID": 4940.54980501156, "IM": NaN, "IN": 2484.8454294403, "IE": 103684.880801837, "IR": 4502.5463291805, "IQ": 5512.47571978422, "IS": 78811.0583922693, "IL": 52261.6761509633, "IT": 38373.1660497534, "JM": 6874.20028399387, "JO": 4482.08602630337, "JP": 33834.3921056453, "KZ": 13136.6229097144, "KE": 1949.89896909713, "KG": 1969.86648107793, "KH": 1875.07148192948, "KI": 2089.91016071918, "KN": 22553.3056457148, "KR": 33121.3712885508, "KW": 37533.2177177327, "LA": 2075.40141406441, "LB": 3350.29710420961, "LR": 799.501400511629, "LY": 7329.97654106843, "LC": 13980.0940828315, "LI": NaN, "LK": 3827.96480560557, "LS": 878.008505473734, "LT": 27102.7815282971, "LU": 128259.402583282, "LV": 23184.3116680149, "MO": 66835.0643341913, "MF": NaN, "MA": 3672.1123046875, "MC": NaN, "MD": 6650.64795654292, "MG": 528.650154757007, "MV": 12667.4356695795, "MX": 13926.1136190914, "MH": 6762.54881417278, "MK": 8146.46797547749, "ML": 897.448670290571, "MT": 37882.2651856816, "MM": 1187.56706423461, "ME": 12016.907421906, "MN": 5764.80281276063, "MP": NaN, "MZ": 608.442707550256, "MR": 2149.41408725335, "MU": 11416.858992993, "MW": 672.869702222595, "MY": 11648.6741574144, "NaN": 4742.78382677745, "NC": NaN, "NE": 618.28722904313, "NG": 1621.12351497744, "NI": 2530.29107203624, "NL": 62536.7320298151, "NO": 87961.7806135072, "NP": 1324.03198433372, "NR": 12060.0781059109, "NZ": 48527.828920018, "OM": 23295.3299592198, "PK": 1407.02135059495, "PA": 18661.7673290605, "PE": 7789.87097514036, "PH": 3725.55120488081, "PW": 14565.3302534617, "PG": 2994.4533269188, "PL": 22112.861574706, "PR": 36779.0594913858, "KP": NaN, "PT": 27275.1115544691, "PY": 6260.45519099666, "PS": 3367.60699023864, "PF": NaN, "QA": NaN, "RO": 18419.4187120644, "RU": 13817.0458984375, "RW": 1000.21892281433, "SA": 28894.963351808, "SD": 2272.48559570313, "SN": 1745.97206754147, "SG": 84734.2559206054, "SB": 2203.1791258997, "SL": 433.37417433006, "SV": 5344.21439437871, "SM": NaN, "SO": 643.750028806778, "RS": 11360.9595106966, "SS": NaN, "ST": 2601.79054652115, "SR": 6069.02890083889, "SK": 24470.238537883, "SI": 32163.5114152484, "SE": 56305.250200767, "SZ": 3797.30120946164, "SX": 39432.6381247356, "SC": 17879.2396545075, "SY": NaN, "TC": 30438.4175881929, "TD": 719.384875157521, "TG": 1012.9738726321, "TH": 7171.80809318978, "TJ": 1188.99303811773, "TM": 9190.67154341786, "TL": 1648.64729020342, "TO": NaN, "TT": 18332.9640176054, "TN": 3895.38663874079, "TR": 12985.7531497962, "TV": 5465.10280670561, "TZ": 1211.05859375, "UG": 1014.21397773156, "UA": 5181.36279296875, "UY": 22564.5324620687, "US": 81695.1870713305, "UZ": 2496.10775758036, "VC": 10279.4939435955, "VE": NaN, "VG": NaN, "VI": NaN, "VN": 4346.76849237821, "VU": 3367.09463871866, "WS": 4139.02958723, "YE": 533.367123496464, "ZA": 6253.16161272014, "ZM": 1369.12936484937, "ZW": 1592.41657368542}