{"AW": NaN, "AF": NaN, "AO": 84722957642.3757, "AL": 22977677860.7979, "AD": 3727673593.01922, "AE": 504173451327.434, "AR": 640591410663.883, "AM": 24212134631.064, "AS": NaN, "AG": 2033085185.18518, "AU": 1723827215334.71, "AT": 516034144115.95, "AZ": 72356176470.5882, "BI": 2642161668.92754, "BE": 632216577075.109, "BJ": 19673284686.0023, "BF": 20324617838.9676, "BD": 437415331040.994, "BG": 101584384672.786, "BH": 43205000000.0, "BS": 14338500000.0, "BA": 27054889362.8852, "BY": 71857382745.6066, "BZ": 3281500000.0, "BM": NaN, "BO": 45849832906.4139, "BR": 2173665655937.27, "BB": 6393564189.61345, "BN": 15128292953.5098, "BT": NaN, "BW": 19395765126.3127, "CF": 2555492085.24831, "CA": 2140085567791.45, "CH": 884940402230.409, "CL": 335533331669.219, "CN": 17794781986104.5, "CI": 78788828906.8634, "CM": 47945510090.0529, "CD": 66383287002.9969, "CG": 15321055818.3263, "CO": 363540156234.868, "KM": 1352380972.15662, "CV": 2587252076.3056, "CR": 86497941439.0174, "CU": NaN, "CW": NaN, "KY": NaN, "CY": 32229622669.1951, "CZ": 330858339871.686, "DE": 4456081016705.96, "DJ": 4098530513.55777, "DM": 653992592.592593, "DK": 404198757537.974, "DO": 121444279313.931, "DZ": 239899491127.742, "EC": 118844826000.0, "EG": 395926075163.006, "ER": NaN, "ES": 1580694712515.71, "EE": 40744848827.9537, "ET": 163697927593.982, "FI": 300187202696.084, "FJ": 5494797540.73365, "FR": 3030904089607.9, "FO": NaN, "FM": 460000000.0, "GA": 20516134388.6608, "GB": 3340032380668.04, "GE": 30535530479.0227, "GH": 76370394412.4163, "GI": NaN, "GN": 23612295818.0961, "GM": 2339904156.79214, "GW": 1966461400.35833, "GQ": 12116922539.4112, "GR": 238206312632.528, "GD": 1320334235.58897, "GL": NaN, "GT": 102050473863.636, "GU": NaN, "GY": 16786302158.2734, "HK": 382054574298.529, "HN": 34400509852.0436, "HR": 82688842717.3926, "HT": 19850829757.7471, "HU": 212388906458.724, "ID": 1371171152331.16, "IM": NaN, "IN": 3549918918777.53, "IE": 545629450403.735, "IR": 401504514718.718, "IQ": 250842782139.464, "IS": 31020032583.1972, "IL": 509901495702.103, "IT": 2254851212731.8, "JM": 19423355367.2372, "JO": 50813642348.6746, "JP": 4212945159781.4, "KZ": 261421121085.572, "KE": 107440575838.048, "KG": 13987627908.8381, "KH": 31772759998.8571, "KI": 279034355.108421, "KN": 1077033111.11111, "KR": 1712792854202.37, "KW": 161772221950.942, "LA": 15843155731.2552, "LB": 17937256175.141, "LR": 4332000000.0, "LY": 50491722445.7773, "LC": 2519925938.52447, "LI": NaN, "LK": 84356860421.13, "LS": 2046039024.45854, "LT": 77836396962.772, "LU": 85755006123.5976, "LV": 43627078481.287, "MO": 47061843715.8565, "MF": NaN, "MA": 141109373209.414, "MC": NaN, "MD": 16539436547.295, "MG": 16031702914.9195, "MV": 6600000000.0, "MX": 1788886821046.81, "MH": 284000000.0, "MK": 14761237042.2057, "ML": 20904898296.2501, "MT": 20956999452.4317, "MM": 64815031669.0952, "ME": 7404541964.50779, "MN": 19872180369.6275, "MP": NaN, "MZ": 20624597846.5495, "MR": 10452577062.7581, "MU": 14397127281.3829, "MW": 14084341062.3675, "MY": 399648828546.504, "NaN": 12351024843.7467, "NC": NaN, "NE": 16819170420.5653, "NG": 362814951696.073, "NI": 17829215283.7997, "NL": 1118124749886.29, "NO": 485513316503.63, "NP": 40908073366.8455, "NR": 154127798.193541, "NZ": 253465703232.146, "OM": 108192457737.321, "PK": 338368455317.876, "PA": 83382400000.0, "PE": 267603248655.253, "PH": 437146372729.942, "PW": 263020733.717011, "PG": 30932496249.7917, "PL": 811229100687.566, "PR": 117902300000.0, "KP": NaN, "PT": 287080013574.497, "PY": 42956263543.9482, "PS": 17396300000.0, "PF": NaN, "QA": NaN, "RO": 351002579629.67, "RU": 2021421476035.42, "RW": 14097768647.6695, "SA": 1067582933333.33, "SD": 109327023588.732, "SN": 31013986429.1861, "SG": 501427500080.059, "SB": 1631286701.11516, "SL": 3809832236.95959, "SV": 34015620000.0, "SM": NaN, "SO": 11679800110.1523, "RS": 75187125426.7375, "SS": NaN, "ST": 603240748.954207, "SR": 3782437296.04323, "SK": 132793622283.071, "SI": 68216781410.5228, "SE": 593267701033.408, "SZ": 4597855845.04276, "SX": 1623165683.12849, "SC": 2141450171.13932, "SY": NaN, "TC": 1402054390.94734, "TD": 13149325358.7383, "TG": 9171261835.06264, "TH": 514944993833.578, "TJ": 12060602008.8478, "TM": 59887334844.0651, "TL": 2243142908.46161, "TO": NaN, "TT": 28139944790.2911, "TN": 48529595416.6533, "TR": 1108022373259.51, "TV": 62280311.5852172, "TZ": 79158286333.524, "UG": 49272882213.623, "UA": 178757021386.809, "UY": 77240831587.167, "US": 27360935000000.0, "UZ": 90889149306.7313, "VC": 1065962962.96296, "VE": NaN, "VG": NaN, "VI": NaN, "VN": 429716969049.593, "VU": 1126313359.21923, "WS": 934100336.275654, "YE": NaN, "ZA": 377781600985.873, "ZM": 28162630953.9285, "ZW": 26538273498.8461}